index_date,index_open,index_high,index_low,index_close,index_volume,index_return_pct
2024-07-03,7153.77,7196.75,7126.81,7196.75,126775400,
2024-07-04,7212.7,7262.84,7204.44,7220.89,158574300,0.3353
2024-07-05,7248.72,7275.94,7213.39,7253.37,130902100,0.4498
2024-07-08,7261.98,7265.08,7215.47,7250.98,160069900,-0.033
2024-07-09,7254.16,7302.94,7239.64,7269.8,136101900,0.2596
2024-07-10,7283.19,7313.2,7272.12,7287.04,214279500,0.2372
2024-07-11,7302.5,7328.27,7274.06,7300.41,146390900,0.1834
2024-07-12,7336.48,7354.16,7300.75,7327.58,130722300,0.3722
2024-07-15,7336.31,7346.1,7252.81,7278.86,107422000,-0.6648
2024-07-16,7289.81,7294.79,7213.28,7224.29,107863200,-0.7497
2024-07-17,7261.22,7265.09,7207.58,7224.22,218209000,-0.001
2024-07-18,7231.73,7330.81,7220.1,7321.07,146217900,1.3407
2024-07-19,7304.28,7315.14,7249.82,7294.5,125286800,-0.363
2024-07-22,7316.25,7341.91,7301.42,7321.98,140918600,0.3767
2024-07-23,7336.28,7347.02,7293.31,7313.86,251719000,-0.1109
2024-07-24,7298.51,7311.15,7249.28,7262.76,149278800,-0.6986
2024-07-25,7264.21,7268.05,7207.82,7240.28,125922000,-0.3096
2024-07-26,7262.13,7298.96,7256.53,7288.17,128745600,0.6614
2024-07-29,7304.6,7333.9,7274.25,7288.9,131946800,0.01
2024-07-30,7283.92,7292.56,7226.78,7241.86,124088300,-0.6453
2024-07-31,7251.8,7275.19,7226.5,7255.76,140459400,0.1919
2024-08-01,7274.52,7325.98,7258.87,7325.98,119012300,0.9678
2024-08-02,7304.09,7337.98,7264.01,7308.12,130681400,-0.2438
2024-08-05,7254.61,7257.48,6998.81,7059.65,196047200,-3.3999
2024-08-06,7098.67,7167.26,7066.5,7129.21,122457600,0.9853
2024-08-07,7149.51,7246.26,7147.29,7212.13,128572200,1.163
2024-08-08,7212.74,7234.45,7181.77,7195.12,125248900,-0.2358
2024-08-09,7219.98,7267.42,7219.92,7257.0,112712600,0.86
2024-08-12,7265.15,7297.62,7230.79,7297.62,156405500,0.5599
2024-08-13,7316.43,7366.65,7286.55,7356.64,146066800,0.8087
2024-08-14,7377.01,7445.66,7372.89,7436.04,168060500,1.0793
2024-08-15,7442.91,7460.39,7386.74,7409.5,150416800,-0.3569
2024-08-16,7443.94,7459.75,7417.21,7432.09,151268200,0.3049
2024-08-19,7428.74,7466.83,7420.38,7466.83,138674400,0.4674
2024-08-20,7490.32,7538.16,7482.5,7533.98,183613200,0.8994
2024-08-21,7563.08,7594.55,7543.64,7554.59,199930800,0.2735
2024-08-22,7531.35,7540.27,7460.4,7488.68,140745300,-0.8725
2024-08-23,7510.66,7567.51,7507.74,7544.3,128771000,0.7427
2024-08-26,7549.41,7619.9,7549.41,7606.19,142108800,0.8204
2024-08-27,7598.46,7610.2,7547.26,7597.88,141150100,-0.1093
2024-08-28,7604.33,7672.29,7581.05,7658.88,152042100,0.8028
2024-08-29,7679.53,7715.76,7627.6,7627.6,153940300,-0.4083
2024-08-30,7642.78,7673.18,7616.35,7670.73,194479000,0.5654
2024-09-02,7686.54,7726.19,7669.92,7694.53,156165700,0.3102
2024-09-03,7706.65,7726.66,7598.47,7616.52,165704700,-1.0138
2024-09-04,7577.1,7672.9,7546.05,7672.9,147636500,0.7402
2024-09-05,7679.65,7722.23,7650.8,7681.04,137717400,0.1062
2024-09-06,7684.81,7754.48,7683.7,7721.85,122729500,0.5312
2024-09-09,7729.25,7748.33,7654.73,7702.74,138539000,-0.2474
2024-09-10,7725.28,7764.78,7723.3,7761.39,196539800,0.7614
2024-09-11,7770.27,7802.48,7736.78,7760.96,171932600,-0.0056
2024-09-12,7782.02,7833.27,7782.02,7798.15,252749100,0.4793
2024-09-13,7805.69,7828.97,7775.64,7812.13,162457200,0.1792
2024-09-17,7832.52,7854.02,7802.27,7831.78,216113800,0.2515
2024-09-18,7845.81,7879.04,7818.96,7829.13,241800200,-0.0338
2024-09-19,7858.11,7910.56,7853.35,7905.39,259454000,0.974
2024-09-20,7904.4,7904.51,7738.32,7743.0,317741900,-2.0541
2024-09-23,7743.2,7775.73,7675.29,7775.73,260227800,0.4227
2024-09-24,7774.56,7810.54,7717.84,7778.49,182808900,0.0355
2024-09-25,7747.85,7760.88,7633.45,7740.9,276661800,-0.4832
2024-09-26,7723.1,7763.08,7673.05,7744.52,202756700,0.0467
2024-09-27,7713.8,7736.92,7663.48,7696.92,190512300,-0.6146
2024-09-30,7674.29,7679.24,7527.93,7527.93,222223500,-2.1955
2024-10-01,7551.46,7642.13,7547.11,7642.13,206962900,1.5171
2024-10-02,7601.74,7619.1,7501.46,7563.26,315317300,-1.032
2024-10-03,7567.45,7581.33,7504.41,7543.83,189365800,-0.257
2024-10-04,7531.79,7549.23,7467.8,7496.09,223945300,-0.6328
2024-10-07,7493.66,7540.24,7450.2,7504.13,235809600,0.1073
2024-10-08,7486.72,7592.88,7449.48,7557.14,194830700,0.7064
2024-10-09,7556.56,7595.58,7501.22,7501.29,169190500,-0.7391
2024-10-10,7501.87,7528.95,7467.82,7480.08,157952700,-0.2827
2024-10-11,7520.53,7549.54,7506.28,7520.6,159472100,0.5417
2024-10-14,7518.81,7570.27,7518.81,7559.65,205872100,0.5193
2024-10-15,7579.05,7635.04,7573.45,7626.95,218732600,0.8902
2024-10-16,7645.21,7658.4,7616.6,7648.94,197424300,0.2883
2024-10-17,7661.07,7758.67,7657.72,7735.04,224594300,1.1256
2024-10-18,7762.15,7790.71,7718.68,7760.06,234291900,0.3235
2024-10-21,7780.25,7795.09,7739.89,7772.6,246855900,0.1615
2024-10-22,7752.38,7801.4,7731.96,7788.98,286785700,0.2108
2024-10-23,7774.01,7805.92,7761.25,7787.56,269650200,-0.0182
2024-10-24,7778.66,7794.86,7716.55,7716.55,242869700,-0.9119
2024-10-25,7717.43,7752.25,7678.18,7694.66,205788500,-0.2837
2024-10-28,7705.87,7714.74,7599.62,7634.63,197205700,-0.7801
2024-10-29,7625.47,7666.43,7587.21,7606.6,182774700,-0.3672
2024-10-30,7558.8,7581.91,7521.73,7569.85,168203300,-0.4831
2024-10-31,7569.72,7617.36,7558.68,7574.02,203290200,0.0551
2024-11-01,7573.79,7583.69,7485.46,7505.26,155270800,-0.9079
2024-11-04,7505.11,7529.7,7415.81,7479.5,212287900,-0.3431
2024-11-05,7474.45,7497.0,7451.55,7491.93,182653900,0.1662
2024-11-06,7495.13,7506.6,7363.03,7383.87,235788800,-1.4424
2024-11-07,7373.57,7381.76,7243.86,7243.86,204087800,-1.8961
2024-11-08,7263.96,7350.36,7263.96,7287.19,148863600,0.5982
2024-11-11,7259.29,7282.2,7182.31,7266.46,221004900,-0.2845
2024-11-12,7271.17,7344.07,7268.61,7321.99,287694700,0.7641
2024-11-13,7344.01,7370.39,7304.87,7308.67,226286700,-0.1818
2024-11-14,7303.9,7318.78,7214.56,7214.56,209423400,-1.2876
2024-11-15,7192.21,7241.66,7122.68,7161.26,213100000,-0.7388
2024-11-18,7152.08,7174.75,7118.87,7134.28,191734000,-0.3768
2024-11-19,7140.19,7229.83,7136.69,7195.71,205098000,0.8612
2024-11-20,7214.0,7229.71,7171.27,7180.33,164074200,-0.2137
2024-11-21,7168.33,7209.36,7140.91,7140.91,155717100,-0.549
2024-11-22,7154.68,7215.69,7154.45,7195.56,205841500,0.7653
2024-11-25,7218.95,7329.49,7218.83,7314.11,264819900,1.6474
2024-11-26,7329.53,7341.6,7245.89,7245.89,164096700,-0.9327
2024-11-28,7215.91,7249.69,7195.67,7200.16,178995100,-0.6311
2024-11-29,7168.0,7189.13,7107.28,7114.27,218431100,-1.1929
2024-12-02,7117.75,7153.03,7041.34,7046.99,163941100,-0.9457
2024-12-03,7104.93,7196.02,7102.22,7196.02,176316700,2.1148
2024-12-04,7198.1,7328.32,7187.48,7326.76,166379200,1.8169
2024-12-05,7326.02,7338.6,7283.5,7313.31,131417800,-0.1836
2024-12-06,7302.67,7382.81,7287.6,7382.79,130161700,0.9499
2024-12-09,7382.61,7440.98,7380.66,7437.73,230130900,0.7442
2024-12-10,7448.77,7457.81,7396.79,7453.29,203350400,0.2092
2024-12-11,7444.86,7530.56,7444.17,7464.75,235486300,0.1538
2024-12-12,7441.97,7470.89,7380.03,7394.24,147665300,-0.9446
2024-12-13,7379.75,7399.9,7324.79,7324.79,120050700,-0.9392
2024-12-16,7304.22,7320.79,7204.65,7258.63,186546900,-0.9032
2024-12-17,7238.17,7263.31,7132.06,7157.73,157427600,-1.3901
2024-12-18,7168.97,7216.88,7105.07,7107.88,122373300,-0.6965
2024-12-19,7034.62,7040.55,6951.05,6977.24,170862900,-1.8379
2024-12-20,6980.17,7032.4,6931.58,6983.87,145749700,0.095
2024-12-23,7037.53,7096.44,7035.73,7096.44,138664700,1.612
2024-12-24,7115.64,7120.58,7063.75,7065.75,110632900,-0.4326
2024-12-27,7073.38,7100.27,7024.71,7036.57,144277600,-0.4129
2024-12-30,7026.78,7079.9,6993.07,7079.9,159672400,0.6158
2025-01-02,7092.43,7163.21,7088.32,7163.21,161752600,1.1766
2025-01-03,7177.25,7197.01,7135.28,7164.43,182944400,0.0171
2025-01-06,7176.12,7182.02,7073.95,7080.47,192190300,-1.1718
2025-01-07,7074.26,7103.19,7029.51,7083.28,144709900,0.0397
2025-01-08,7099.66,7129.29,7046.17,7080.35,147124800,-0.0414
2025-01-09,7093.25,7106.46,7062.1,7064.59,148465600,-0.2226
2025-01-10,7076.9,7121.63,7074.14,7088.87,166170500,0.3437
2025-01-13,7076.7,7089.57,6986.59,7016.88,149887800,-1.0155
2025-01-14,7014.8,7042.33,6956.67,6956.67,151037100,-0.8581
2025-01-15,6992.85,7084.56,6977.77,7079.56,173538400,1.7666
2025-01-16,7165.18,7190.61,7071.91,7107.52,144790100,0.3949
2025-01-17,7115.05,7178.81,7084.3,7154.66,197761000,0.6632
2025-01-20,7188.4,7201.61,7165.44,7170.74,183080100,0.2247
2025-01-21,7207.59,7221.73,7176.33,7181.82,176177100,0.1546
2025-01-22,7227.02,7267.49,7223.26,7257.13,146457400,1.0486
2025-01-23,7275.0,7324.63,7232.64,7232.64,142025900,-0.3374
2025-01-24,7255.02,7261.45,7166.06,7166.06,122224300,-0.9206
2025-01-30,7142.79,7150.29,7042.69,7073.48,156862200,-1.2919
2025-01-31,7113.58,7174.75,7095.68,7109.2,125561900,0.505
2025-02-03,7087.75,7089.7,6933.14,7030.06,135419500,-1.1132
2025-02-04,7051.48,7125.94,7037.62,7073.46,250749100,0.6174
2025-02-05,7071.58,7079.46,7002.52,7024.23,247130700,-0.696
2025-02-06,7030.19,7033.62,6830.11,6875.54,170868800,-2.1168
2025-02-07,6758.1,6769.78,6656.72,6742.58,152142600,-1.9338
2025-02-10,6681.23,6713.95,6585.98,6648.14,153503000,-1.4006
2025-02-11,6629.81,6658.23,6500.46,6531.99,146025200,-1.7471
2025-02-12,6540.95,6645.78,6537.48,6645.78,141288200,1.742
2025-02-13,6637.42,6647.1,6565.78,6613.57,126053300,-0.4847
2025-02-14,6640.13,6679.4,6609.67,6638.46,121300000,0.3764
2025-02-17,6663.31,6830.88,6658.22,6830.88,136644900,2.8986
2025-02-18,6847.77,6908.7,6830.78,6873.55,158584300,0.6247
2025-02-19,6877.16,6886.92,6773.91,6794.87,159932500,-1.1448
2025-02-20,6796.67,6836.72,6755.43,6788.04,168907900,-0.1005
2025-02-21,6788.9,6814.87,6758.35,6803.0,131140300,0.2204
2025-02-24,6801.68,6818.79,6732.41,6749.6,156247700,-0.7849
2025-02-25,6749.44,6772.65,6576.97,6587.09,194167900,-2.4078
2025-02-26,6627.02,6682.87,6547.24,6606.18,135195100,0.2898
2025-02-27,6609.89,6626.26,6443.22,6485.45,156489700,-1.8275
2025-02-28,6446.64,6447.88,6246.28,6270.6,196893700,-3.3128
2025-03-03,6362.15,6570.95,6347.1,6519.66,170810200,3.9719
2025-03-04,6524.7,6528.97,6361.4,6380.4,149084200,-2.136
2025-03-05,6404.69,6570.82,6404.69,6531.4,143533500,2.3666
2025-03-06,6577.85,6667.89,6573.8,6617.85,138941500,1.3236
2025-03-07,6631.31,6682.94,6577.83,6636.0,198389400,0.2743
2025-03-10,6618.92,6629.44,6568.13,6598.21,153564400,-0.5694
2025-03-11,6535.87,6567.58,6499.04,6545.85,150016300,-0.7936
2025-03-12,6566.8,6665.04,6566.2,6665.04,139690400,1.8209
2025-03-13,6700.11,6707.39,6618.54,6647.42,139851000,-0.2645
2025-03-14,6623.69,6632.08,6514.69,6515.63,122970500,-1.9825
2025-03-17,6490.67,6557.41,6445.98,6471.95,126321100,-0.6705
2025-03-18,6458.67,6465.22,6011.84,6223.39,233069600,-3.8406
2025-03-19,6221.2,6332.73,6147.43,6311.66,126795800,1.4184
2025-03-20,6372.61,6446.89,6353.69,6381.67,146168800,1.1093
2025-03-21,6418.39,6426.17,6218.6,6258.18,190225100,-1.9351
2025-03-24,6242.23,6269.9,5967.19,6161.22,124187900,-1.5494
2025-03-25,6197.99,6265.3,6178.49,6235.62,111267000,1.2076
2025-03-26,6314.33,6489.15,6312.97,6472.36,159762700,3.7965
2025-03-27,6462.6,6510.62,6417.24,6510.62,121855500,0.5912
2025-04-08,5914.29,6036.55,5882.6,5996.14,184790800,-7.9021
2025-04-09,5978.44,6092.41,5949.6,5967.99,150044400,-0.4695
2025-04-10,6270.61,6310.83,6188.67,6254.02,181443500,4.7928
2025-04-11,6195.57,6298.78,6148.78,6262.23,117642700,0.1311
2025-04-14,6225.34,6404.07,6225.34,6368.52,149701700,1.6973
2025-04-15,6444.34,6497.53,6395.93,6441.68,147079600,1.1489
2025-04-16,6461.27,6469.6,6373.79,6400.05,142022700,-0.6462
2025-04-17,6407.02,6438.27,6384.29,6438.27,131124200,0.5971
2025-04-21,6450.31,6472.54,6406.8,6445.97,108855100,0.1196
2025-04-22,6455.08,6538.32,6428.1,6538.27,150312500,1.4319
2025-04-23,6589.33,6642.92,6588.26,6634.38,184488000,1.47
2025-04-24,6671.07,6697.9,6585.46,6613.48,159090300,-0.315
2025-04-25,6660.62,6683.36,6640.78,6678.92,169030400,0.9894
2025-04-28,6716.21,6738.35,6688.78,6722.97,164549400,0.6595
2025-04-29,6748.99,6763.89,6724.32,6749.08,193012300,0.3884
2025-04-30,6755.46,6791.25,6725.97,6766.79,210149800,0.2626
2025-05-02,6811.11,6818.28,6765.83,6815.73,183083600,0.7232
2025-05-05,6844.37,6879.11,6824.4,6831.95,194998400,0.238
2025-05-06,6860.45,6913.69,6858.15,6898.2,162346800,0.9696
2025-05-07,6925.25,6970.5,6909.96,6926.23,187668100,0.4063
2025-05-08,6945.98,6965.93,6824.65,6827.75,260892400,-1.4218
2025-05-09,6849.45,6882.32,6811.77,6832.8,164380000,0.074
2025-05-14,6915.96,6987.78,6914.75,6979.88,272470100,2.1525
2025-05-15,7003.15,7076.74,7002.37,7040.16,343582300,0.8636
2025-05-16,7092.23,7106.53,7009.85,7106.53,239677400,0.9427
2025-05-19,7113.44,7160.66,7085.97,7141.09,227261200,0.4864
2025-05-20,7164.15,7202.82,7088.62,7094.6,219667500,-0.651
2025-05-21,7114.7,7170.72,7109.22,7142.46,228188900,0.6746
2025-05-22,7165.1,7190.67,7136.78,7166.98,201247200,0.3433
2025-05-23,7206.36,7223.25,7177.25,7214.16,152151100,0.6583
2025-05-26,7231.48,7240.08,7129.39,7188.35,331040000,-0.3578
2025-05-27,7204.17,7212.57,7162.96,7198.97,245398700,0.1477
2025-05-28,7223.51,7237.34,7166.68,7175.82,277488600,-0.3215
2025-06-02,7134.49,7152.91,7035.84,7065.07,240143000,-1.5434
2025-06-03,7071.64,7090.35,6994.16,7044.82,199730400,-0.2866
2025-06-04,7083.24,7094.45,7052.91,7069.04,232777400,0.3437
2025-06-05,7100.24,7136.64,7083.89,7113.42,193147800,0.6279
2025-06-10,7136.86,7230.75,7133.38,7230.75,265169800,1.6493
2025-06-11,7232.68,7239.96,7172.2,7222.46,262581600,-0.1146
2025-06-12,7219.56,7237.27,7191.9,7204.37,281607200,-0.2504
2025-06-13,7191.12,7192.66,7149.61,7166.06,230230400,-0.5317
2025-06-16,7158.9,7211.54,7117.59,7117.59,224577700,-0.6764
2025-06-17,7163.03,7181.47,7143.6,7155.85,173034400,0.5376
2025-06-18,7155.12,7166.67,7089.46,7107.79,180387400,-0.6717
2025-06-19,7107.79,7115.9,6935.01,6968.64,222226000,-1.9577
2025-06-20,6948.28,6956.81,6873.72,6907.14,331625100,-0.8825
2025-06-23,6833.48,6834.77,6745.15,6787.14,226947900,-1.7373
2025-06-24,6864.28,6924.97,6852.11,6869.17,186087300,1.2086
2025-06-25,6908.92,6918.78,6814.74,6832.14,170914900,-0.539
2025-06-26,6842.01,6897.4,6817.41,6897.4,154075100,0.9551
2025-06-30,6936.06,6949.28,6876.26,6927.68,167652600,0.439
2025-07-01,6954.39,6971.24,6885.14,6915.36,149285200,-0.1778
2025-07-02,6896.42,6905.37,6838.4,6881.25,182041600,-0.4933
2025-07-03,6898.63,6922.73,6877.44,6878.05,154435700,-0.0464
2025-07-04,6893.22,6916.67,6843.69,6865.19,132824800,-0.187
2025-07-07,6874.01,6900.93,6844.86,6900.93,120827500,0.5206
2025-07-08,6892.34,6916.83,6885.28,6904.39,151801800,0.0501
2025-07-09,6918.7,6943.92,6907.21,6943.92,157353100,0.5725
2025-07-10,6968.8,7013.63,6955.46,7005.37,167684600,0.8849
2025-07-11,7036.3,7055.79,7026.49,7047.44,165301900,0.6005
2025-07-14,7130.54,7136.3,7071.34,7097.15,205642100,0.7054
2025-07-15,7122.08,7161.84,7079.0,7140.47,199389400,0.6104
2025-07-16,7182.65,7216.81,7142.86,7192.02,227976400,0.7219
2025-07-17,7229.26,7291.56,7226.12,7287.02,202116700,1.3209
2025-07-18,7346.04,7401.58,7311.92,7311.92,273828000,0.3416
2025-07-21,7366.31,7408.01,7306.87,7398.19,287814600,1.1799
2025-07-22,7440.29,7457.38,7344.74,7344.74,279326600,-0.7226
2025-07-23,7378.23,7469.23,7355.0,7469.23,247067700,1.695
2025-07-24,7485.08,7568.22,7478.36,7530.9,242813700,0.8257
2025-07-25,7542.38,7552.77,7515.12,7543.5,215990900,0.1673
2025-07-28,7630.75,7669.45,7614.77,7614.77,229532300,0.9447
2025-07-29,7625.79,7680.19,7565.79,7617.91,230535000,0.0412
2025-07-30,7642.25,7667.56,7528.13,7549.89,282476700,-0.8929
2025-07-31,7551.24,7566.75,7476.38,7484.34,325693000,-0.8682
2025-08-01,7545.15,7579.61,7523.62,7537.77,257331800,0.7139
2025-08-04,7552.5,7560.06,7448.04,7464.65,266636100,-0.9701
2025-08-05,7502.69,7546.94,7463.06,7515.19,246898000,0.6771
2025-08-06,7534.45,7549.27,7502.01,7503.75,260371600,-0.1522
2025-08-07,7546.34,7580.55,7490.18,7490.18,278225900,-0.1808
2025-08-08,7639.19,7648.9,7516.98,7533.38,234779100,0.5768
2025-08-11,7589.46,7630.11,7559.35,7605.92,238319300,0.9629
2025-08-12,7666.09,7800.83,7646.91,7791.7,272446300,2.4425
2025-08-13,7846.12,7903.05,7835.3,7892.91,323979600,1.299
2025-08-14,7909.02,7973.98,7905.55,7931.25,361821900,0.4858
2025-08-15,7967.77,8017.07,7898.37,7898.38,346947400,-0.4145
2025-08-19,7905.35,7931.76,7854.1,7862.95,358268400,-0.4485
2025-08-20,7874.9,7952.34,7863.86,7943.83,374993100,1.0286
2025-08-21,7903.29,7932.31,7848.88,7890.71,341447000,-0.6686
2025-08-22,7910.1,7913.39,7858.85,7858.85,320227000,-0.4038
2025-08-25,7921.02,7951.98,7915.05,7926.91,376267300,0.866
2025-08-26,7971.79,7978.07,7881.21,7905.76,504946100,-0.2668
2025-08-27,7923.0,7945.44,7894.76,7936.18,357580800,0.3848
2025-08-28,7951.87,8022.76,7941.94,7952.09,399326600,0.2005
2025-08-29,7899.89,7913.86,7765.6,7830.49,481348100,-1.5291
2025-09-01,7620.1,7783.42,7547.56,7736.07,358661000,-1.2059
2025-09-02,7771.33,7842.3,7771.33,7801.58,347812700,0.8469
2025-09-03,7843.63,7911.62,7840.75,7885.86,351685500,1.0803
2025-09-04,7873.84,7899.8,7855.74,7867.35,362349800,-0.2348
2025-09-08,7929.06,7934.99,7766.85,7766.85,336787200,-1.2774
2025-09-09,7748.51,7791.33,7619.72,7628.6,335416000,-1.7799
2025-09-10,7682.42,7726.38,7661.28,7699.01,263174400,0.9229
2025-09-11,7781.17,7819.1,7742.6,7747.9,289797900,0.6351
2025-09-12,7819.0,7854.81,7790.79,7854.06,289619100,1.3701
2025-09-15,7891.26,7937.12,7889.19,7937.12,345056100,1.0575
2025-09-16,7979.32,7985.58,7899.67,7957.7,401395800,0.2593
2025-09-17,7964.42,8025.18,7940.51,8025.18,323654400,0.848
2025-09-18,8065.74,8068.01,7993.52,8008.43,378167700,-0.2087
2025-09-19,7996.2,8051.12,7983.36,8051.12,423577900,0.533
2025-09-22,8082.26,8087.93,8005.35,8040.04,345468800,-0.1376
2025-09-23,8066.29,8125.2,8039.95,8125.2,518663700,1.0592
2025-09-24,8161.28,8169.02,8077.84,8126.56,454412900,0.0167
2025-09-25,8130.02,8146.09,8022.98,8040.67,483927800,-1.0569
2025-09-26,8051.76,8099.33,8035.0,8099.33,351966900,0.7296
2025-09-29,8139.58,8157.33,8100.02,8123.25,439450000,0.2952
2025-09-30,8137.63,8150.34,8042.82,8061.06,461651600,-0.7655
2025-10-01,8069.94,8093.69,8034.25,8043.82,536747800,-0.2139
2025-10-02,8070.42,8109.44,8059.05,8071.08,402266500,0.3389
2025-10-03,8099.65,8118.3,8076.6,8118.3,428024700,0.585
2025-10-06,8155.37,8176.31,8104.55,8139.89,429540400,0.266
2025-10-07,8182.66,8217.05,8153.71,8169.28,426851900,0.361
2025-10-08,8201.14,8224.64,8044.93,8166.03,355267800,-0.0398
2025-10-09,8187.7,8272.63,8159.94,8250.94,347199100,1.0398
2025-10-10,8259.08,8270.33,8194.05,8257.86,366345900,0.0839
2025-10-13,8169.65,8288.28,8133.63,8227.2,366939200,-0.3712
2025-10-14,8269.48,8284.91,7974.03,8066.52,440487100,-1.953
2025-10-15,8107.3,8132.52,7936.37,8051.17,329138800,-0.1903
2025-10-16,8064.68,8148.04,8030.78,8124.76,246641300,0.9139
2025-10-17,8132.75,8140.6,7854.31,7915.66,353739000,-2.5736
2025-10-20,7988.45,8117.27,7937.38,8088.98,307599100,2.1896
2025-10-21,8165.69,8238.08,8161.19,8238.08,281761500,1.8433
2025-10-22,8235.7,8261.84,8141.99,8152.55,275367500,-1.0382
2025-10-23,8179.88,8292.89,8179.61,8274.35,281648700,1.494
2025-10-24,8294.89,8351.06,8271.72,8271.72,238196400,-0.0318
2025-10-27,8322.22,8354.67,7959.17,8117.15,359000200,-1.8687
2025-10-28,8144.42,8151.33,8039.85,8092.63,282866700,-0.3021
2025-10-29,8107.38,8169.14,8042.63,8166.22,248336300,0.9094
2025-10-30,8176.36,8231.88,8145.6,8184.06,326703000,0.2185
2025-10-31,8202.52,8215.55,8144.08,8163.88,245393300,-0.2467
2025-11-03,8208.03,8282.16,8201.36,8275.08,338112200,1.3622
2025-11-04,8275.95,8317.08,8225.91,8241.91,254611100,-0.4009
2025-11-05,8213.6,8318.53,8181.9,8318.53,333837700,0.9296
2025-11-06,8354.68,8362.92,8289.89,8337.06,229181000,0.2228
2025-11-07,8346.58,8398.76,8332.6,8394.59,227520700,0.6901
2025-11-10,8443.32,8478.15,8391.24,8391.24,415934000,-0.0399
2025-11-11,8437.96,8443.69,8338.4,8366.51,677885600,-0.2947
2025-11-12,8392.28,8428.95,8377.5,8388.57,491096300,0.2636
2025-11-13,8412.83,8418.16,8354.84,8372.0,534184900,-0.1975
2025-11-14,8378.13,8417.13,8360.94,8370.44,422843300,-0.0187
2025-11-17,8397.84,8452.33,8392.0,8416.88,382110500,0.5549
2025-11-18,8427.4,8442.87,8341.9,8361.93,374837900,-0.6529
2025-11-19,8384.36,8426.63,8375.58,8406.58,394548300,0.534
2025-11-20,8449.54,8491.43,8419.92,8419.92,319147400,0.1587
2025-11-21,8403.9,8432.6,8361.27,8414.35,288992600,-0.0661
2025-11-24,8458.29,8570.25,8429.46,8570.25,471629100,1.8528
2025-11-25,8570.85,8574.38,8487.22,8521.88,414092000,-0.5644
2025-11-26,8533.89,8602.13,8503.15,8602.13,498634000,0.9416
2025-11-27,8611.33,8622.27,8521.5,8545.87,463624300,-0.6541
2025-11-28,8555.66,8572.36,8495.21,8508.71,386357400,-0.4348
2025-12-01,8541.54,8553.62,8493.25,8548.79,433587600,0.4711
2025-12-02,8577.61,8625.64,8564.7,8617.04,405114200,0.7984
2025-12-03,8655.02,8669.19,8591.81,8611.79,432093300,-0.061
2025-12-04,8646.65,8650.3,8606.9,8640.2,447262700,0.3299
2025-12-05,8658.89,8689.1,8617.04,8632.76,421538600,-0.0861
2025-12-08,8676.73,8720.09,8642.06,8710.7,525913600,0.9028
2025-12-09,8743.21,8749.26,8626.85,8657.18,498676700,-0.6144
2025-12-10,8713.71,8720.88,8668.61,8700.92,623753400,0.5053
2025-12-11,8764.09,8776.97,8560.11,8620.48,667238000,-0.9245
2025-12-12,8651.77,8680.04,8585.42,8660.5,457344900,0.4642
2025-12-15,8705.24,8720.68,8622.99,8649.66,553538600,-0.1251
2025-12-16,8696.7,8700.86,8611.35,8686.47,431043000,0.4255
2025-12-17,8708.33,8729.47,8660.75,8677.34,341969700,-0.105
2025-12-18,8705.14,8730.71,8618.2,8618.2,328562900,-0.6817
2025-12-19,8657.24,8671.77,8562.89,8609.55,307160800,-0.1003
2025-12-22,8629.25,8648.79,8609.39,8645.84,374939200,0.4215
2025-12-23,8656.65,8667.73,8567.0,8584.78,329812800,-0.7063
2025-12-24,8597.39,8611.33,8525.1,8537.91,280698800,-0.546
2025-12-29,8545.72,8652.18,8545.72,8644.26,334277800,1.2456
2025-12-30,8627.4,8663.67,8584.87,8646.94,308173000,0.031
2026-01-02,8676.74,8748.13,8664.97,8748.13,471863900,1.1703
2026-01-05,8778.73,8859.19,8732.32,8859.19,665735100,1.2695
2026-01-06,8890.72,8940.11,8839.01,8933.61,630432800,0.84
2026-01-07,8959.09,8970.87,8916.03,8944.81,655409500,0.1254
2026-01-08,8946.7,9002.92,8918.41,8925.47,489316100,-0.2162
2026-01-09,8969.15,8981.02,8908.17,8936.75,499545200,0.1264
2026-01-12,8991.76,9000.97,8715.41,8884.72,697907000,-0.5822
2026-01-13,8931.24,8956.73,8841.02,8948.3,538438100,0.7156
2026-01-14,9007.05,9049.3,8979.6,9032.58,580700100,0.9419
2026-01-15,9072.3,9100.83,9041.0,9075.41,446899000,0.4741
2026-01-19,9098.7,9133.87,9026.0,9133.87,541550600,0.6442
2026-01-20,9156.19,9174.47,9120.15,9134.7,606446200,0.0091
2026-01-21,9094.43,9105.23,8977.68,9010.33,553244200,-1.3615
2026-01-22,9052.17,9109.71,8992.13,8992.18,661020800,-0.2014
2026-01-23,9031.49,9039.67,8837.83,8951.01,587299800,-0.4579
2026-01-26,8967.73,9058.05,8923.53,8975.33,491763600,0.2717
2026-01-27,8974.57,8980.23,8873.48,8980.23,536008400,0.0546
2026-01-28,8393.51,8596.17,8187.73,8320.56,557055000,-7.3459
2026-01-29,8027.83,8296.94,7481.99,8232.2,906233100,-1.0619
2026-01-30,8308.72,8408.3,8167.16,8329.61,478640200,1.1832
2026-02-02,8306.16,8313.06,7820.23,7922.73,444961400,-4.8847
2026-02-03,7888.77,8122.6,7712.35,8122.6,545340400,2.5227
2026-02-04,8121.03,8194.68,8050.4,8146.72,404556000,0.2969
2026-02-05,8154.6,8214.46,8102.79,8103.88,323626200,-0.5258
2026-02-06,7945.04,8025.14,7861.69,7935.26,312234100,-2.0807
2026-02-09,7970.02,8031.87,7863.01,8031.87,310222600,1.2175
2026-02-10,8031.58,8140.86,8011.13,8131.74,374472200,1.2433
2026-02-11,8152.79,8290.97,8118.16,8290.97,545693700,1.9581
2026-02-12,8317.24,8334.02,8220.15,8265.35,379401500,-0.3089
2026-02-13,8240.01,8251.99,8170.59,8212.27,434442400,-0.6422
2026-02-18,8235.81,8310.23,8227.45,8310.23,459026600,1.1928
2026-02-19,8357.45,8376.2,8251.81,8274.08,435377400,-0.435
2026-02-20,8300.22,8328.42,8236.75,8271.77,400251500,-0.028
2026-02-23,8334.54,8397.07,8327.57,8396.08,443116900,1.5029
2026-02-24,8428.05,8437.09,8259.48,8280.83,509728100,-1.3727
2026-02-25,8318.14,8373.48,8259.75,8322.23,441816300,0.4999
2026-02-26,8351.36,8358.96,8139.82,8235.26,450264700,-1.045
2026-02-27,8211.3,8246.95,8093.75,8235.49,441200100,0.0027
2026-03-02,8092.9,8133.69,8016.83,8016.83,527702300,-2.655
2026-03-03,8059.87,8098.39,7932.52,7939.77,396162400,-0.9613
2026-03-04,7896.38,7897.81,7486.32,7577.06,485472100,-4.5682
2026-03-05,7695.35,7765.61,7678.53,7710.54,303915000,1.7615
2026-03-06,7699.47,7700.32,7500.08,7585.69,291110400,-1.6192
2026-03-09,7374.31,7403.73,7156.68,7337.37,406185700,-3.2735
2026-03-10,7443.05,7499.82,7372.82,7440.91,309617900,1.4112
2026-03-11,7484.77,7527.32,7380.81,7389.4,253162500,-0.6923
2026-03-12,7398.85,7436.5,7323.74,7362.12,234355700,-0.3692
2026-03-13,7338.82,7350.28,7132.21,7137.21,256288700,-3.0549
2026-03-16,7115.45,7120.19,6917.32,7022.29,264167600,-1.6102
2026-03-17,7074.61,7148.25,7059.89,7106.84,226881800,1.204
2026-03-25,7084.62,7302.12,7057.22,7302.12,346637800,2.7478
2026-03-26,7313.67,7323.7,7152.59,7164.09,257658000,-1.8903
2026-03-27,7136.37,7154.56,7070.21,7097.06,171896900,-0.9357
2026-03-30,7020.53,7104.64,6945.5,7091.67,221811800,-0.0759
2026-03-31,7122.99,7155.55,7031.1,7048.22,231095700,-0.6127
2026-04-01,7149.25,7207.17,7136.25,7184.44,295360000,1.9326
2026-04-02,7153.11,7161.8,7019.23,7026.78,225269500,-2.1944
2026-04-06,7001.56,7009.23,6934.89,6989.43,252607400,-0.5316
2026-04-07,7001.28,7022.04,6942.63,6971.03,225664500,-0.2632
2026-04-08,7162.41,7281.86,7118.58,7279.21,380025400,4.4209
2026-04-09,7238.46,7308.58,7191.59,7307.59,258635500,0.3899
2026-04-10,7346.49,7488.02,7346.49,7458.5,355891700,2.0651
2026-04-13,7410.08,7527.87,7351.36,7500.19,373963700,0.559
2026-04-14,7598.8,7686.35,7592.74,7675.95,487814900,2.3435
2026-04-15,7750.9,7773.58,7623.59,7623.59,463335700,-0.6822
2026-04-16,7663.34,7705.03,7575.53,7621.38,364955200,-0.0289
2026-04-17,7645.81,7673.86,7607.96,7634.0,359890300,0.1656
2026-04-20,7663.4,7692.15,7570.42,7594.11,375256000,-0.5226
2026-04-21,7560.29,7568.99,7511.83,7559.38,405582600,-0.4573
2026-04-22,7528.34,7578.05,7513.94,7541.61,459264700,-0.235
2026-04-23,7564.42,7582.5,7378.61,7378.61,503505300,-2.1614
2026-04-24,7378.07,7383.4,7115.97,7129.49,415830600,-3.3762
2026-04-27,7158.51,7230.03,7106.52,7106.52,292563300,-0.3222
2026-04-28,7128.47,7151.51,7032.98,7072.39,272860900,-0.4802
2026-04-29,7096.61,7126.06,7063.99,7101.23,398389400,0.4077
2026-04-30,7103.26,7109.0,6876.58,6956.8,451512600,-2.0338
2026-05-04,6988.92,7069.69,6946.06,6971.95,553310400,0.2178
2026-05-05,6968.57,7069.21,6921.61,7057.11,364949700,1.2214
2026-05-06,7086.34,7127.72,7049.92,7092.47,338543400,0.5011
2026-05-07,7160.79,7207.08,7107.17,7174.32,327636900,1.1541
2026-05-08,7182.96,7186.83,6969.4,6969.4,393674100,-2.8564
2026-05-11,6959.94,7001.68,6846.63,6905.62,353618500,-0.9151
2026-05-12,6946.85,6977.29,6762.88,6858.9,291969900,-0.6766
2026-05-13,6763.94,6787.35,6705.43,6723.32,263137300,-1.9767
2026-05-18,6628.98,6631.28,6398.79,6599.24,280639000,-1.8455
2026-05-19,6599.21,6635.13,6323.26,6370.68,409331400,-3.4634
2026-05-20,6352.2,6459.56,6215.56,6318.5,369455900,-0.8191
2026-05-21,6366.48,6378.81,6080.95,6094.94,318636000,-3.5382
2026-05-22,6065.63,6171.97,5966.86,6162.04,313365000,1.101
2026-05-25,6187.65,6239.59,6124.58,6206.35,240896500,0.719
2026-05-26,6201.8,6286.87,6124.79,6130.19,210088300,-1.2271
2026-05-29,6112.77,6230.5,6111.97,6127.38,391356100,-0.0458
2026-06-02,6210.0,6264.26,6143.62,6195.43,253584400,1.1105
2026-06-03,6207.1,6213.8,5842.0,5941.07,344582700,-4.1056
2026-06-04,5919.56,5924.51,5644.23,5839.79,325839700,-1.7048
2026-06-05,5846.49,5860.67,5594.11,5594.77,242414700,-4.1957
2026-06-08,5486.31,5523.94,5317.91,5342.14,259538800,-4.5154
2026-06-09,5344.69,5746.65,5318.15,5746.65,353501300,7.5721
2026-06-10,5744.06,5942.94,5677.96,5902.38,401184200,2.7099
2026-06-11,5899.27,6010.49,5784.51,5886.03,241605500,-0.2769
2026-06-12,5960.42,6074.07,5952.85,6007.66,324098600,2.0663
2026-06-15,6118.73,6345.8,6118.08,6254.97,471692100,4.1166
2026-06-17,6321.96,6377.19,6179.67,6220.74,274699900,-0.5472
2026-06-18,6191.89,6197.17,6073.72,6172.34,215751200,-0.778
2026-06-19,6161.46,6215.06,6117.31,6177.14,266832600,0.0778
2026-06-22,6217.05,6226.72,6052.94,6116.69,180410600,-0.9786
2026-06-23,6096.5,6121.77,5993.04,6101.33,198230600,-0.2511
2026-06-24,6128.27,6171.38,5876.93,5883.88,228307800,-3.564
2026-06-25,5873.07,6056.2,5864.0,5999.04,187930400,1.9572
2026-06-26,6010.34,6045.26,5830.14,5896.13,171995200,-1.7153
2026-06-29,5932.03,5942.77,5800.29,5820.79,117823200,-1.2779
2026-06-30,5801.45,5811.67,5638.57,5643.19,177538200,-3.0511
2026-07-01,5640.61,5737.74,5607.45,5695.12,157577500,0.9201
2026-07-02,5709.84,5806.71,5704.5,5744.56,172862900,0.8681
2026-07-03,5806.17,5899.3,5805.92,5875.78,158006000,2.2843
